file_name,answer
0.png,0
1.png,0
2.png,0
3.png,0
4.png,0
5.png,0
6.png,0
7.png,0
8.png,0
9.png,0
10.png,0
11.png,0
12.png,0
13.png,0
14.png,0
15.png,0
16.png,0
17.png,0
18.png,0
19.png,0
20.png,0
21.png,0
22.png,0
23.png,0
24.png,0
25.png,0
26.png,0
27.png,0
28.png,0
29.png,0
30.png,0
31.png,0
32.png,0
33.png,0
34.png,0
35.png,0
36.png,0
37.png,0
38.png,0
39.png,0
40.png,0
41.png,0
42.png,0
43.png,0
44.png,0
45.png,0
46.png,0
47.png,0
48.png,0
49.png,0
50.png,0
51.png,0
52.png,0
53.png,0
54.png,0
55.png,0
56.png,0
57.png,0
58.png,0
59.png,0
60.png,0
61.png,0
62.png,0
63.png,0
64.png,0
65.png,0
66.png,0
67.png,0
68.png,0
69.png,0
70.png,0
71.png,0
72.png,0
73.png,0
74.png,0
75.png,0
76.png,0
77.png,0
78.png,0
79.png,0
80.png,0
81.png,0
82.png,0
83.png,0
84.png,0
85.png,0
86.png,0
87.png,0
88.png,0
89.png,0
90.png,0
91.png,0
92.png,0
93.png,0
94.png,0
95.png,0
96.png,0
97.png,0
98.png,0
99.png,0
100.png,0
101.png,0
102.png,0
103.png,0
104.png,0
105.png,0
106.png,0
107.png,0
108.png,0
109.png,0
110.png,0
111.png,0
112.png,0
113.png,0
114.png,0
115.png,0
116.png,0
117.png,0
118.png,0
119.png,0
120.png,0
121.png,0
122.png,0
123.png,0
124.png,0
125.png,0
126.png,0
127.png,0
128.png,0
129.png,0
130.png,0
131.png,0
132.png,0
133.png,0
134.png,0
135.png,0
136.png,0
137.png,0
138.png,0
139.png,0
140.png,0
141.png,0
142.png,0
143.png,0
144.png,0
145.png,0
146.png,0
147.png,0
148.png,0
149.png,0
150.png,0
151.png,0
152.png,0
153.png,0
154.png,0
155.png,0
156.png,0
157.png,0
158.png,0
159.png,0
160.png,0
161.png,0
162.png,0
163.png,0
164.png,0
165.png,0
166.png,0
167.png,0
168.png,0
169.png,0
170.png,0
171.png,0
172.png,0
173.png,0
174.png,0
175.png,0
176.png,0
177.png,0
178.png,0
179.png,0
180.png,0
181.png,0
182.png,0
183.png,0
184.png,0
185.png,0
186.png,0
187.png,0
188.png,0
189.png,0
190.png,0
191.png,0
192.png,0
193.png,0
194.png,0
195.png,0
196.png,0
197.png,0
198.png,0
199.png,0
200.png,0
201.png,0
202.png,0
203.png,0
204.png,0
205.png,0
206.png,0
207.png,0
208.png,0
209.png,0
210.png,0
211.png,0
212.png,0
213.png,0
214.png,0
215.png,0
216.png,0
217.png,0
218.png,0
219.png,0
220.png,0
221.png,0
222.png,0
223.png,0
224.png,0
225.png,0
226.png,0
227.png,0
228.png,0
229.png,0
230.png,0
231.png,0
232.png,0
233.png,0
234.png,0
235.png,0
236.png,0
237.png,0
238.png,0
239.png,0
240.png,0
241.png,0
242.png,0
243.png,0
244.png,0
245.png,0
246.png,0
247.png,0
248.png,0
249.png,0
250.png,0
251.png,0
252.png,0
253.png,0
254.png,0
255.png,0
256.png,0
257.png,0
258.png,0
259.png,0
260.png,0
261.png,0
262.png,0
263.png,0
264.png,0
265.png,0
266.png,0
267.png,0
268.png,0
269.png,0
270.png,0
271.png,0
272.png,0
273.png,0
274.png,0
275.png,0
276.png,0
277.png,0
278.png,0
279.png,0
280.png,0
281.png,0
282.png,0
283.png,0
284.png,0
285.png,0
286.png,0
287.png,0
288.png,0
289.png,0
290.png,0
291.png,0
292.png,0
293.png,0
294.png,0
295.png,0
296.png,0
297.png,0
298.png,0
299.png,0
300.png,0
301.png,0
302.png,0
303.png,0
304.png,0
305.png,0
306.png,0
307.png,0
308.png,0
309.png,0
310.png,0
311.png,0
312.png,0
313.png,0
314.png,0
315.png,0
316.png,0
317.png,0
318.png,0
319.png,0
320.png,0
321.png,0
322.png,0
323.png,0
324.png,0
325.png,0
326.png,0
327.png,0
328.png,0
329.png,0
330.png,0
331.png,0
332.png,0
333.png,0
334.png,0
335.png,0
336.png,0
337.png,0
338.png,0
339.png,0
340.png,0
341.png,0
342.png,0
343.png,0
344.png,0
345.png,0
346.png,0
347.png,0
348.png,0
349.png,0
350.png,0
351.png,0
352.png,0
353.png,0
354.png,0
355.png,0
356.png,0
357.png,0
358.png,0
359.png,0
360.png,0
361.png,0
362.png,0
363.png,0
364.png,0
365.png,0
366.png,0
367.png,0
368.png,0
369.png,0
370.png,0
371.png,0
372.png,0
373.png,0
374.png,0
375.png,0
376.png,0
377.png,0
378.png,0
379.png,0
380.png,0
381.png,0
382.png,0
383.png,0
384.png,0
385.png,0
386.png,0
387.png,0
388.png,0
389.png,0
390.png,0
391.png,0
392.png,0
393.png,0
394.png,0
395.png,0
396.png,0
397.png,0
398.png,0
399.png,0
400.png,0
401.png,0
402.png,0
403.png,0
404.png,0
405.png,0
406.png,0
407.png,0
408.png,0
409.png,0
410.png,0
411.png,0
412.png,0
413.png,0
414.png,0
415.png,0
416.png,0
417.png,0
418.png,0
419.png,0
420.png,0
421.png,0
422.png,0
423.png,0
424.png,0
425.png,0
426.png,0
427.png,0
428.png,0
429.png,0
430.png,0
431.png,0
432.png,0
433.png,0
434.png,0
435.png,0
436.png,0
437.png,0
438.png,0
439.png,0
440.png,0
441.png,0
442.png,0
443.png,0
444.png,0
445.png,0
446.png,0
447.png,0
448.png,0
449.png,0
450.png,0
451.png,0
452.png,0
453.png,0
454.png,0
455.png,0
456.png,0
457.png,0
458.png,0
459.png,0
460.png,0
461.png,0
462.png,0
463.png,0
464.png,0
465.png,0
466.png,0
467.png,0
468.png,0
469.png,0
470.png,0
471.png,0
472.png,0
473.png,0
474.png,0
475.png,0
476.png,0
477.png,0
478.png,0
479.png,0
480.png,0
481.png,0
482.png,0
483.png,0
484.png,0
485.png,0
486.png,0
487.png,0
488.png,0
489.png,0
490.png,0
491.png,0
492.png,0
493.png,0
494.png,0
495.png,0
496.png,0
497.png,0
498.png,0
499.png,0
500.png,0
501.png,0
502.png,0
503.png,0
504.png,0
505.png,0
506.png,0
507.png,0
508.png,0
509.png,0
510.png,0
511.png,0
512.png,0
513.png,0
514.png,0
515.png,0
516.png,0
517.png,0
518.png,0
519.png,0
520.png,0
521.png,0
522.png,0
523.png,0
524.png,0
525.png,0
526.png,0
527.png,0
528.png,0
529.png,0
530.png,0
531.png,0
532.png,0
533.png,0
534.png,0
535.png,0
536.png,0
537.png,0
538.png,0
539.png,0
540.png,0
541.png,0
542.png,0
543.png,0
544.png,0
545.png,0
546.png,0
547.png,0
548.png,0
549.png,0
550.png,0
551.png,0
552.png,0
553.png,0
554.png,0
555.png,0
556.png,0
557.png,0
558.png,0
559.png,0
560.png,0
561.png,0
562.png,0
563.png,0
564.png,0
565.png,0
566.png,0
567.png,0
568.png,0
569.png,0
570.png,0
571.png,0
572.png,0
573.png,0
574.png,0
575.png,0
576.png,0
577.png,0
578.png,0
579.png,0
580.png,0
581.png,0
582.png,0
583.png,0
584.png,0
585.png,0
586.png,0
587.png,0
588.png,0
589.png,0
590.png,0
591.png,0
592.png,0
593.png,0
594.png,0
595.png,0
596.png,0
597.png,0
598.png,0
599.png,0
600.png,0
601.png,0
602.png,0
603.png,0
604.png,0
605.png,0
606.png,0
607.png,0
608.png,0
609.png,0
610.png,0
611.png,0
612.png,0
613.png,0
614.png,0
615.png,0
616.png,0
617.png,0
618.png,0
619.png,0
620.png,0
621.png,0
622.png,0
623.png,0
624.png,0
625.png,0
626.png,0
627.png,0
628.png,0
629.png,0
630.png,0
631.png,0
632.png,0
633.png,0
634.png,0
635.png,0
636.png,0
637.png,0
638.png,0
639.png,0
640.png,0
641.png,0
642.png,0
643.png,0
644.png,0
645.png,0
646.png,0
647.png,0
648.png,0
649.png,0
650.png,0
651.png,0
652.png,0
653.png,0
654.png,0
655.png,0
656.png,0
657.png,0
658.png,0
659.png,0
660.png,0
661.png,0
662.png,0
663.png,0
664.png,0
665.png,0
666.png,0
667.png,0
668.png,0
669.png,0
670.png,0
671.png,0
672.png,0
673.png,0
674.png,0
675.png,0
676.png,0
677.png,0
678.png,0
679.png,0
680.png,0
681.png,0
682.png,0
683.png,0
684.png,0
685.png,0
686.png,0
687.png,0
688.png,0
689.png,0
690.png,0
691.png,0
692.png,0
693.png,0
694.png,0
695.png,0
696.png,0
697.png,0
698.png,0
699.png,0
700.png,0
701.png,0
702.png,0
703.png,0
704.png,0
705.png,0
706.png,0
707.png,0
708.png,0
709.png,0
710.png,0
711.png,0
712.png,0
713.png,0
714.png,0
715.png,0
716.png,0
717.png,0
718.png,0
719.png,0
720.png,0
721.png,0
722.png,0
723.png,0
724.png,0
725.png,0
726.png,0
727.png,0
728.png,0
729.png,0
730.png,0
731.png,0
732.png,0
733.png,0
734.png,0
735.png,0
736.png,0
737.png,0
738.png,0
739.png,0
740.png,0
741.png,0
742.png,0
743.png,0
744.png,0
745.png,0
746.png,0
747.png,0
748.png,0
749.png,0
750.png,0
751.png,0
752.png,0
753.png,0
754.png,0
755.png,0
756.png,0
757.png,0
758.png,0
759.png,0
760.png,0
761.png,0
762.png,0
763.png,0
764.png,0
765.png,0
766.png,0
767.png,0
768.png,0
769.png,0
770.png,0
771.png,0
772.png,0
773.png,0
774.png,0
775.png,0
776.png,0
777.png,0
778.png,0
779.png,0
780.png,0
781.png,0
782.png,0
783.png,0
784.png,0
785.png,0
786.png,0
787.png,0
788.png,0
789.png,0
790.png,0
791.png,0
792.png,0
793.png,0
794.png,0
795.png,0
796.png,0
797.png,0
798.png,0
799.png,0
800.png,0
801.png,0
802.png,0
803.png,0
804.png,0
805.png,0
806.png,0
807.png,0
808.png,0
809.png,0
810.png,0
811.png,0
812.png,0
813.png,0
814.png,0
815.png,0
816.png,0
817.png,0
818.png,0
819.png,0
820.png,0
821.png,0
822.png,0
823.png,0
824.png,0
825.png,0
826.png,0
827.png,0
828.png,0
829.png,0
830.png,0
831.png,0
832.png,0
833.png,0
834.png,0
835.png,0
836.png,0
837.png,0
838.png,0
839.png,0
840.png,0
841.png,0
842.png,0
843.png,0
844.png,0
845.png,0
846.png,0
847.png,0
848.png,0
849.png,0
850.png,0
851.png,0
852.png,0
853.png,0
854.png,0
855.png,0
856.png,0
857.png,0
858.png,0
859.png,0
860.png,0
861.png,0
862.png,0
863.png,0
864.png,0
865.png,0
866.png,0
867.png,0
868.png,0
869.png,0
870.png,0
871.png,0
872.png,0
873.png,0
874.png,0
875.png,0
876.png,0
877.png,0
878.png,0
879.png,0
880.png,0
881.png,0
882.png,0
883.png,0
884.png,0
885.png,0
886.png,0
887.png,0
888.png,0
889.png,0
890.png,0
891.png,0
892.png,0
893.png,0
894.png,0
895.png,0
896.png,0
897.png,0
898.png,0
899.png,0
900.png,0
901.png,0
902.png,0
903.png,0
904.png,0
905.png,0
906.png,0
907.png,0
908.png,0
909.png,0
910.png,0
911.png,0
912.png,0
913.png,0
914.png,0
915.png,0
916.png,0
917.png,0
918.png,0
919.png,0
920.png,0
921.png,0
922.png,0
923.png,0
924.png,0
925.png,0
926.png,0
927.png,0
928.png,0
929.png,0
930.png,0
931.png,0
932.png,0
933.png,0
934.png,0
935.png,0
936.png,0
937.png,0
938.png,0
939.png,0
940.png,0
941.png,0
942.png,0
943.png,0
944.png,0
945.png,0
946.png,0
947.png,0
948.png,0
949.png,0
950.png,0
951.png,0
952.png,0
953.png,0
954.png,0
955.png,0
956.png,0
957.png,0
958.png,0
959.png,0
960.png,0
961.png,0
962.png,0
963.png,0
964.png,0
965.png,0
966.png,0
967.png,0
968.png,0
969.png,0
970.png,0
971.png,0
972.png,0
973.png,0
974.png,0
975.png,0
976.png,0
977.png,0
978.png,0
979.png,0
980.png,0
981.png,0
982.png,0
983.png,0
984.png,0
985.png,0
986.png,0
987.png,0
988.png,0
989.png,0
990.png,0
991.png,0
992.png,0
993.png,0
994.png,0
995.png,0
996.png,0
997.png,0
998.png,0
999.png,0
1000.png,0
1001.png,0
1002.png,0
1003.png,0
1004.png,0
1005.png,0
1006.png,0
1007.png,0
1008.png,0
1009.png,0
1010.png,0
1011.png,0
1012.png,0
1013.png,0
1014.png,0
1015.png,0
1016.png,0
1017.png,0
1018.png,0
1019.png,0
1020.png,0
1021.png,0
1022.png,0
1023.png,0
1024.png,0
1025.png,0
1026.png,0
1027.png,0
1028.png,0
1029.png,0
1030.png,0
1031.png,0
1032.png,0
1033.png,0
1034.png,0
1035.png,0
1036.png,0
1037.png,0
1038.png,0
1039.png,0
1040.png,0
1041.png,0
1042.png,0
1043.png,0
1044.png,0
1045.png,0
1046.png,0
1047.png,0
1048.png,0
1049.png,0
1050.png,0
1051.png,0
1052.png,0
1053.png,0
1054.png,0
1055.png,0
1056.png,0
1057.png,0
1058.png,0
1059.png,0
1060.png,0
1061.png,0
1062.png,0
1063.png,0
1064.png,0
1065.png,0
1066.png,0
1067.png,0
1068.png,0
1069.png,0
1070.png,0
1071.png,0
1072.png,0
1073.png,0
1074.png,0
1075.png,0
1076.png,0
1077.png,0
1078.png,0
1079.png,0
1080.png,0
1081.png,0
1082.png,0
1083.png,0
1084.png,0
1085.png,0
1086.png,0
1087.png,0
1088.png,0
1089.png,0
1090.png,0
1091.png,0
1092.png,0
1093.png,0
1094.png,0
1095.png,0
1096.png,0
1097.png,0
1098.png,0
1099.png,0
1100.png,0
1101.png,0
1102.png,0
1103.png,0
1104.png,0
1105.png,0
1106.png,0
1107.png,0
1108.png,0
1109.png,0
1110.png,0
1111.png,0
1112.png,0
1113.png,0
1114.png,0
1115.png,0
1116.png,0
1117.png,0
1118.png,0
1119.png,0
1120.png,0
1121.png,0
1122.png,0
1123.png,0
1124.png,0
1125.png,0
1126.png,0
1127.png,0
1128.png,0
1129.png,0
1130.png,0
1131.png,0
1132.png,0
1133.png,0
1134.png,0
1135.png,0
1136.png,0
1137.png,0
1138.png,0
1139.png,0
1140.png,0
1141.png,0
1142.png,0
1143.png,0
1144.png,0
1145.png,0
1146.png,0
1147.png,0
1148.png,0
1149.png,0
1150.png,0
1151.png,0
1152.png,0
1153.png,0
1154.png,0
1155.png,0
1156.png,0
1157.png,0
1158.png,0
1159.png,0
1160.png,0
1161.png,0
1162.png,0
1163.png,0
1164.png,0
1165.png,0
1166.png,0
1167.png,0
1168.png,0
1169.png,0
1170.png,0
1171.png,0
1172.png,0
1173.png,0
1174.png,0
1175.png,0
1176.png,0
1177.png,0
1178.png,0
1179.png,0
1180.png,0
1181.png,0
1182.png,0
1183.png,0
1184.png,0
1185.png,0
1186.png,0
1187.png,0
1188.png,0
1189.png,0
1190.png,0
1191.png,0
1192.png,0
1193.png,0
1194.png,0
1195.png,0
1196.png,0
1197.png,0
1198.png,0
1199.png,0
1200.png,0
1201.png,0
1202.png,0
1203.png,0
1204.png,0
1205.png,0
1206.png,0
1207.png,0
1208.png,0
1209.png,0
1210.png,0
1211.png,0
1212.png,0
1213.png,0
1214.png,0
1215.png,0
1216.png,0
1217.png,0
1218.png,0
1219.png,0
1220.png,0
1221.png,0
1222.png,0
1223.png,0
1224.png,0
1225.png,0
1226.png,0
1227.png,0
1228.png,0
1229.png,0
1230.png,0
1231.png,0
1232.png,0
1233.png,0
1234.png,0
1235.png,0
1236.png,0
1237.png,0
1238.png,0
1239.png,0
1240.png,0
1241.png,0
1242.png,0
1243.png,0
1244.png,0
1245.png,0
1246.png,0
1247.png,0
1248.png,0
1249.png,0
1250.png,0
1251.png,0
1252.png,0
1253.png,0
1254.png,0
1255.png,0
1256.png,0
1257.png,0
1258.png,0
1259.png,0
1260.png,0
1261.png,0
1262.png,0
1263.png,0
1264.png,0
1265.png,0
1266.png,0
1267.png,0
1268.png,0
1269.png,0
1270.png,0
1271.png,0
1272.png,0
1273.png,0
1274.png,0
1275.png,0
1276.png,0
1277.png,0
1278.png,0
1279.png,0
1280.png,0
1281.png,0
1282.png,0
1283.png,0
1284.png,0
1285.png,0
1286.png,0
1287.png,0
1288.png,0
1289.png,0
1290.png,0
1291.png,0
1292.png,0
1293.png,0
1294.png,0
1295.png,0
1296.png,0
1297.png,0
1298.png,0
1299.png,0
1300.png,0
1301.png,0
1302.png,0
1303.png,0
1304.png,0
1305.png,0
1306.png,0
1307.png,0
1308.png,0
1309.png,0
1310.png,0
1311.png,0
1312.png,0
1313.png,0
1314.png,0
1315.png,0
1316.png,0
1317.png,0
1318.png,0
1319.png,0
1320.png,0
1321.png,0
1322.png,0
1323.png,0
1324.png,0
1325.png,0
1326.png,0
1327.png,0
1328.png,0
1329.png,0
1330.png,0
1331.png,0
1332.png,0
1333.png,0
1334.png,0
1335.png,0
1336.png,0
1337.png,0
1338.png,0
1339.png,0
1340.png,0
1341.png,0
1342.png,0
1343.png,0
1344.png,0
1345.png,0
1346.png,0
1347.png,0
1348.png,0
1349.png,0
1350.png,0
1351.png,0
1352.png,0
1353.png,0
1354.png,0
1355.png,0
1356.png,0
1357.png,0
1358.png,0
1359.png,0
1360.png,0
1361.png,0
1362.png,0
1363.png,0
1364.png,0
1365.png,0
1366.png,0
1367.png,0
1368.png,0
1369.png,0
1370.png,0
1371.png,0
1372.png,0
1373.png,0
1374.png,0
1375.png,0
1376.png,0
1377.png,0
1378.png,0
1379.png,0
1380.png,0
1381.png,0
1382.png,0
1383.png,0
1384.png,0
1385.png,0
1386.png,0
1387.png,0
1388.png,0
1389.png,0
1390.png,0
1391.png,0
1392.png,0
1393.png,0
1394.png,0
1395.png,0
1396.png,0
1397.png,0
1398.png,0
1399.png,0
1400.png,0
1401.png,0
1402.png,0
1403.png,0
1404.png,0
1405.png,0
1406.png,0
1407.png,0
1408.png,0
1409.png,0
1410.png,0
1411.png,0
1412.png,0
1413.png,0
1414.png,0
1415.png,0
1416.png,0
1417.png,0
1418.png,0
1419.png,0
1420.png,0
1421.png,0
1422.png,0
1423.png,0
1424.png,0
1425.png,0
1426.png,0
1427.png,0
1428.png,0
1429.png,0
1430.png,0
1431.png,0
1432.png,0
1433.png,0
1434.png,0
1435.png,0
1436.png,0
1437.png,0
1438.png,0
1439.png,0
1440.png,0
1441.png,0
1442.png,0
1443.png,0
1444.png,0
1445.png,0
1446.png,0
1447.png,0
1448.png,0
1449.png,0
1450.png,0
1451.png,0
1452.png,0
1453.png,0
1454.png,0
1455.png,0
1456.png,0
1457.png,0
1458.png,0
1459.png,0
1460.png,0
1461.png,0
1462.png,0
1463.png,0
1464.png,0
1465.png,0
1466.png,0
1467.png,0
1468.png,0
1469.png,0
1470.png,0
1471.png,0
1472.png,0
1473.png,0
1474.png,0
1475.png,0
1476.png,0
1477.png,0
1478.png,0
1479.png,0
1480.png,0
1481.png,0
1482.png,0
1483.png,0
1484.png,0
1485.png,0
1486.png,0
1487.png,0
1488.png,0
1489.png,0
1490.png,0
1491.png,0
1492.png,0
1493.png,0
1494.png,0
1495.png,0
1496.png,0
1497.png,0
1498.png,0
1499.png,0
1500.png,0
1501.png,0
1502.png,0
1503.png,0
1504.png,0
1505.png,0
1506.png,0
1507.png,0
1508.png,0
1509.png,0
1510.png,0
1511.png,0
1512.png,0
1513.png,0
1514.png,0
1515.png,0
1516.png,0
1517.png,0
1518.png,0
1519.png,0
1520.png,0
1521.png,0
1522.png,0
1523.png,0
1524.png,0
1525.png,0
1526.png,0
1527.png,0
1528.png,0
1529.png,0
1530.png,0
1531.png,0
1532.png,0
1533.png,0
1534.png,0
1535.png,0
1536.png,0
1537.png,0
1538.png,0
1539.png,0
1540.png,0
1541.png,0
1542.png,0
1543.png,0
1544.png,0
1545.png,0
1546.png,0
1547.png,0
1548.png,0
1549.png,0
1550.png,0
1551.png,0
1552.png,0
1553.png,0
1554.png,0
1555.png,0
1556.png,0
1557.png,0
1558.png,0
1559.png,0
1560.png,0
1561.png,0
1562.png,0
1563.png,0
1564.png,0
1565.png,0
1566.png,0
1567.png,0
1568.png,0
1569.png,0
1570.png,0
1571.png,0
1572.png,0
1573.png,0
1574.png,0
1575.png,0
1576.png,0
1577.png,0
1578.png,0
1579.png,0
1580.png,0
1581.png,0
1582.png,0
1583.png,0
1584.png,0
1585.png,0
1586.png,0
1587.png,0
1588.png,0
1589.png,0
1590.png,0
1591.png,0
1592.png,0
1593.png,0
1594.png,0
1595.png,0
1596.png,0
1597.png,0
1598.png,0
1599.png,0
1600.png,0
1601.png,0
1602.png,0
1603.png,0
1604.png,0
1605.png,0
1606.png,0
1607.png,0
1608.png,0
1609.png,0
1610.png,0
1611.png,0
1612.png,0
1613.png,0
1614.png,0
1615.png,0
1616.png,0
1617.png,0
1618.png,0
1619.png,0
1620.png,0
1621.png,0
1622.png,0
1623.png,0
1624.png,0
1625.png,0
1626.png,0
1627.png,0
1628.png,0
1629.png,0
1630.png,0
1631.png,0
1632.png,0
1633.png,0
1634.png,0
1635.png,0
1636.png,0
1637.png,0
1638.png,0
1639.png,0
1640.png,0
1641.png,0
1642.png,0
1643.png,0
1644.png,0
1645.png,0
1646.png,0
1647.png,0
1648.png,0
1649.png,0
1650.png,0
1651.png,0
1652.png,0
1653.png,0
1654.png,0
1655.png,0
1656.png,0
1657.png,0
1658.png,0
1659.png,0
1660.png,0
1661.png,0
1662.png,0
1663.png,0
1664.png,0
1665.png,0
1666.png,0
1667.png,0
1668.png,0
1669.png,0
1670.png,0
1671.png,0
1672.png,0
1673.png,0
1674.png,0
1675.png,0
1676.png,0
1677.png,0
1678.png,0
1679.png,0
1680.png,0
1681.png,0
1682.png,0
1683.png,0
1684.png,0
1685.png,0
1686.png,0
1687.png,0
1688.png,0
1689.png,0
1690.png,0
1691.png,0
1692.png,0
1693.png,0
1694.png,0
1695.png,0
1696.png,0
1697.png,0
1698.png,0
1699.png,0
1700.png,0
1701.png,0
1702.png,0
1703.png,0
1704.png,0
1705.png,0
1706.png,0
1707.png,0
1708.png,0
1709.png,0
1710.png,0
1711.png,0
1712.png,0
1713.png,0
1714.png,0
1715.png,0
1716.png,0
1717.png,0
1718.png,0
1719.png,0
1720.png,0
1721.png,0
1722.png,0
1723.png,0
1724.png,0
1725.png,0
1726.png,0
1727.png,0
1728.png,0
1729.png,0
1730.png,0
1731.png,0
1732.png,0
1733.png,0
1734.png,0
1735.png,0
1736.png,0
1737.png,0
1738.png,0
1739.png,0
1740.png,0
1741.png,0
1742.png,0
1743.png,0
1744.png,0
1745.png,0
1746.png,0
1747.png,0
1748.png,0
1749.png,0
1750.png,0
1751.png,0
1752.png,0
1753.png,0
1754.png,0
1755.png,0
1756.png,0
1757.png,0
1758.png,0
1759.png,0
1760.png,0
1761.png,0
1762.png,0
1763.png,0
1764.png,0
1765.png,0
1766.png,0
1767.png,0
1768.png,0
1769.png,0
1770.png,0
1771.png,0
1772.png,0
1773.png,0
1774.png,0
1775.png,0
1776.png,0
1777.png,0
1778.png,0
1779.png,0
1780.png,0
1781.png,0
1782.png,0
1783.png,0
1784.png,0
1785.png,0
1786.png,0
1787.png,0
1788.png,0
1789.png,0
1790.png,0
1791.png,0
1792.png,0
1793.png,0
1794.png,0
1795.png,0
1796.png,0
1797.png,0
1798.png,0
1799.png,0
1800.png,0
1801.png,0
1802.png,0
1803.png,0
1804.png,0
1805.png,0
1806.png,0
1807.png,0
1808.png,0
1809.png,0
1810.png,0
1811.png,0
1812.png,0
1813.png,0
1814.png,0
1815.png,0
1816.png,0
1817.png,0
1818.png,0
1819.png,0
1820.png,0
1821.png,0
1822.png,0
1823.png,0
1824.png,0
1825.png,0
1826.png,0
1827.png,0
1828.png,0
1829.png,0
1830.png,0
1831.png,0
1832.png,0
1833.png,0
1834.png,0
1835.png,0
1836.png,0
1837.png,0
1838.png,0
1839.png,0
1840.png,0
1841.png,0
1842.png,0
1843.png,0
1844.png,0
1845.png,0
1846.png,0
1847.png,0
1848.png,0
1849.png,0
1850.png,0
1851.png,0
1852.png,0
1853.png,0
1854.png,0
1855.png,0
1856.png,0
1857.png,0
1858.png,0
1859.png,0
1860.png,0
1861.png,0
1862.png,0
1863.png,0
1864.png,0
1865.png,0
1866.png,0
1867.png,0
1868.png,0
1869.png,0
1870.png,0
1871.png,0
1872.png,0
1873.png,0
1874.png,0
1875.png,0
1876.png,0
1877.png,0
1878.png,0
1879.png,0
1880.png,0
1881.png,0
1882.png,0
1883.png,0
1884.png,0
1885.png,0
1886.png,0
1887.png,0
1888.png,0
1889.png,0
1890.png,0
1891.png,0
1892.png,0
1893.png,0
1894.png,0
1895.png,0
1896.png,0
1897.png,0
1898.png,0
1899.png,0
1900.png,0
1901.png,0
1902.png,0
1903.png,0
1904.png,0
1905.png,0
1906.png,0
1907.png,0
1908.png,0
1909.png,0
1910.png,0
1911.png,0
1912.png,0
1913.png,0
1914.png,0
1915.png,0
1916.png,0
1917.png,0
1918.png,0
1919.png,0
1920.png,0
1921.png,0
1922.png,0
1923.png,0
1924.png,0
1925.png,0
1926.png,0
1927.png,0
1928.png,0
1929.png,0
1930.png,0
1931.png,0
1932.png,0
1933.png,0
1934.png,0
1935.png,0
1936.png,0
1937.png,0
1938.png,0
1939.png,0
1940.png,0
1941.png,0
1942.png,0
1943.png,0
1944.png,0
1945.png,0
1946.png,0
1947.png,0
1948.png,0
1949.png,0
1950.png,0
1951.png,0
1952.png,0
1953.png,0
1954.png,0
1955.png,0
1956.png,0
1957.png,0
1958.png,0
1959.png,0
1960.png,0
1961.png,0
1962.png,0
1963.png,0
1964.png,0
1965.png,0
1966.png,0
1967.png,0
1968.png,0
1969.png,0
1970.png,0
1971.png,0
1972.png,0
1973.png,0
1974.png,0
1975.png,0
1976.png,0
1977.png,0
1978.png,0
1979.png,0
1980.png,0
1981.png,0
1982.png,0
1983.png,0
1984.png,0
1985.png,0
1986.png,0
1987.png,0
1988.png,0
1989.png,0
1990.png,0
1991.png,0
1992.png,0
1993.png,0
1994.png,0
1995.png,0
1996.png,0
1997.png,0
1998.png,0
1999.png,0
2000.png,0
2001.png,0
2002.png,0
2003.png,0
2004.png,0
2005.png,0
2006.png,0
2007.png,0
2008.png,0
2009.png,0
2010.png,0
2011.png,0
2012.png,0
2013.png,0
2014.png,0
2015.png,0
2016.png,0
2017.png,0
2018.png,0
2019.png,0
2020.png,0
2021.png,0
2022.png,0
2023.png,0
2024.png,0
2025.png,0
2026.png,0
2027.png,0
2028.png,0
2029.png,0
2030.png,0
2031.png,0
2032.png,0
2033.png,0
2034.png,0
2035.png,0
2036.png,0
2037.png,0
2038.png,0
2039.png,0
2040.png,0
2041.png,0
2042.png,0
2043.png,0
2044.png,0
2045.png,0
2046.png,0
2047.png,0
2048.png,0
2049.png,0
2050.png,0
2051.png,0
2052.png,0
2053.png,0
2054.png,0
2055.png,0
2056.png,0
2057.png,0
2058.png,0
2059.png,0
2060.png,0
2061.png,0
2062.png,0
2063.png,0
2064.png,0
2065.png,0
2066.png,0
2067.png,0
2068.png,0
2069.png,0
2070.png,0
2071.png,0
2072.png,0
2073.png,0
2074.png,0
2075.png,0
2076.png,0
2077.png,0
2078.png,0
2079.png,0
2080.png,0
2081.png,0
2082.png,0
2083.png,0
2084.png,0
2085.png,0
2086.png,0
2087.png,0
2088.png,0
2089.png,0
2090.png,0
2091.png,0
2092.png,0
2093.png,0
2094.png,0
2095.png,0
2096.png,0
2097.png,0
2098.png,0
2099.png,0
2100.png,0
2101.png,0
2102.png,0
2103.png,0
2104.png,0
2105.png,0
2106.png,0
2107.png,0
2108.png,0
2109.png,0
2110.png,0
2111.png,0
2112.png,0
2113.png,0
2114.png,0
2115.png,0
2116.png,0
2117.png,0
2118.png,0
2119.png,0
2120.png,0
2121.png,0
2122.png,0
2123.png,0
2124.png,0
2125.png,0
2126.png,0
2127.png,0
2128.png,0
2129.png,0
2130.png,0
2131.png,0
2132.png,0
2133.png,0
2134.png,0
2135.png,0
2136.png,0
2137.png,0
2138.png,0
2139.png,0
2140.png,0
2141.png,0
2142.png,0
2143.png,0
2144.png,0
2145.png,0
2146.png,0
2147.png,0
2148.png,0
2149.png,0
2150.png,0
2151.png,0
2152.png,0
2153.png,0
2154.png,0
2155.png,0
2156.png,0
2157.png,0
2158.png,0
2159.png,0
2160.png,0
2161.png,0
2162.png,0
2163.png,0
2164.png,0
2165.png,0
2166.png,0
2167.png,0
2168.png,0
2169.png,0
2170.png,0
2171.png,0
2172.png,0
2173.png,0
2174.png,0
2175.png,0
2176.png,0
2177.png,0
2178.png,0
2179.png,0
2180.png,0
2181.png,0
2182.png,0
2183.png,0
2184.png,0
2185.png,0
2186.png,0
2187.png,0
2188.png,0
2189.png,0
2190.png,0
2191.png,0
2192.png,0
2193.png,0
2194.png,0
2195.png,0
2196.png,0
2197.png,0
2198.png,0
2199.png,0
2200.png,0
2201.png,0
2202.png,0
2203.png,0
2204.png,0
2205.png,0
2206.png,0
2207.png,0
2208.png,0
2209.png,0
2210.png,0
2211.png,0
2212.png,0
2213.png,0
2214.png,0
2215.png,0
2216.png,0
2217.png,0
2218.png,0
2219.png,0
2220.png,0
2221.png,0
2222.png,0
2223.png,0
2224.png,0
2225.png,0
2226.png,0
2227.png,0
2228.png,0
2229.png,0
2230.png,0
2231.png,0
2232.png,0
2233.png,0
2234.png,0
2235.png,0
2236.png,0
2237.png,0
2238.png,0
2239.png,0
2240.png,0
2241.png,0
2242.png,0
2243.png,0
2244.png,0
2245.png,0
2246.png,0
2247.png,0
2248.png,0
2249.png,0
2250.png,0
2251.png,0
2252.png,0
2253.png,0
2254.png,0
2255.png,0
2256.png,0
2257.png,0
2258.png,0
2259.png,0
2260.png,0
2261.png,0
2262.png,0
2263.png,0
2264.png,0
2265.png,0
2266.png,0
2267.png,0
2268.png,0
2269.png,0
2270.png,0
2271.png,0
2272.png,0
2273.png,0
2274.png,0
2275.png,0
2276.png,0
2277.png,0
2278.png,0
2279.png,0
2280.png,0
2281.png,0
2282.png,0
2283.png,0
2284.png,0
2285.png,0
2286.png,0
2287.png,0
2288.png,0
2289.png,0
2290.png,0
2291.png,0
2292.png,0
2293.png,0
2294.png,0
2295.png,0
2296.png,0
2297.png,0
2298.png,0
2299.png,0
2300.png,0
2301.png,0
2302.png,0
2303.png,0
2304.png,0
2305.png,0
2306.png,0
2307.png,0
2308.png,0
2309.png,0
2310.png,0
2311.png,0
2312.png,0
2313.png,0
2314.png,0
2315.png,0
2316.png,0
2317.png,0
2318.png,0
2319.png,0
2320.png,0
2321.png,0
2322.png,0
2323.png,0
2324.png,0
2325.png,0
2326.png,0
2327.png,0
2328.png,0
2329.png,0
2330.png,0
2331.png,0
2332.png,0
2333.png,0
2334.png,0
2335.png,0
2336.png,0
2337.png,0
2338.png,0
2339.png,0
2340.png,0
2341.png,0
2342.png,0
2343.png,0
2344.png,0
2345.png,0
2346.png,0
2347.png,0
2348.png,0
2349.png,0
2350.png,0
2351.png,0
2352.png,0
2353.png,0
2354.png,0
2355.png,0
2356.png,0
2357.png,0
2358.png,0
2359.png,0
2360.png,0
2361.png,0
2362.png,0
2363.png,0
2364.png,0
2365.png,0
2366.png,0
2367.png,0
2368.png,0
2369.png,0
2370.png,0
2371.png,0
2372.png,0
2373.png,0
2374.png,0
2375.png,0
2376.png,0
2377.png,0
2378.png,0
2379.png,0
2380.png,0
2381.png,0
2382.png,0
2383.png,0
2384.png,0
2385.png,0
2386.png,0
2387.png,0
2388.png,0
2389.png,0
2390.png,0
2391.png,0
2392.png,0
2393.png,0
2394.png,0
2395.png,0
2396.png,0
2397.png,0
2398.png,0
2399.png,0
2400.png,0
2401.png,0
2402.png,0
2403.png,0
2404.png,0
2405.png,0
2406.png,0
2407.png,0
2408.png,0
2409.png,0
2410.png,0
2411.png,0
2412.png,0
2413.png,0
2414.png,0
2415.png,0
2416.png,0
2417.png,0
2418.png,0
2419.png,0
2420.png,0
2421.png,0
2422.png,0
2423.png,0
2424.png,0
2425.png,0
2426.png,0
2427.png,0
2428.png,0
2429.png,0
2430.png,0
2431.png,0
2432.png,0
2433.png,0
2434.png,0
2435.png,0
2436.png,0
2437.png,0
2438.png,0
2439.png,0
2440.png,0
2441.png,0
2442.png,0
2443.png,0
2444.png,0
2445.png,0
2446.png,0
2447.png,0
2448.png,0
2449.png,0
2450.png,0
2451.png,0
2452.png,0
2453.png,0
2454.png,0
2455.png,0
2456.png,0
2457.png,0
2458.png,0
2459.png,0
2460.png,0
2461.png,0
2462.png,0
2463.png,0
2464.png,0
2465.png,0
2466.png,0
2467.png,0
2468.png,0
2469.png,0
2470.png,0
2471.png,0
2472.png,0
2473.png,0
2474.png,0
2475.png,0
2476.png,0
2477.png,0
2478.png,0
2479.png,0
2480.png,0
2481.png,0
2482.png,0
2483.png,0
2484.png,0
2485.png,0
2486.png,0
2487.png,0
2488.png,0
2489.png,0
2490.png,0
2491.png,0
2492.png,0
2493.png,0
2494.png,0
2495.png,0
2496.png,0
2497.png,0
2498.png,0
2499.png,0
2500.png,0
2501.png,0
2502.png,0
2503.png,0
2504.png,0
2505.png,0
2506.png,0
2507.png,0
2508.png,0
2509.png,0
2510.png,0
2511.png,0
2512.png,0
2513.png,0
2514.png,0
2515.png,0
2516.png,0
2517.png,0
2518.png,0
2519.png,0
2520.png,0
2521.png,0
2522.png,0
2523.png,0
2524.png,0
2525.png,0
2526.png,0
2527.png,0
2528.png,0
2529.png,0
2530.png,0
2531.png,0
2532.png,0
2533.png,0
2534.png,0
2535.png,0
2536.png,0
2537.png,0
2538.png,0
2539.png,0
2540.png,0
2541.png,0
2542.png,0
2543.png,0
2544.png,0
2545.png,0
2546.png,0
2547.png,0
2548.png,0
2549.png,0
2550.png,0
2551.png,0
2552.png,0
2553.png,0
2554.png,0
2555.png,0
2556.png,0
2557.png,0
2558.png,0
2559.png,0
2560.png,0
2561.png,0
2562.png,0
2563.png,0
2564.png,0
2565.png,0
2566.png,0
2567.png,0
2568.png,0
2569.png,0
2570.png,0
2571.png,0
2572.png,0
2573.png,0
2574.png,0
2575.png,0
2576.png,0
2577.png,0
2578.png,0
2579.png,0
2580.png,0
2581.png,0
2582.png,0
2583.png,0
2584.png,0
2585.png,0
2586.png,0
2587.png,0
2588.png,0
2589.png,0
2590.png,0
2591.png,0
2592.png,0
2593.png,0
2594.png,0
2595.png,0
2596.png,0
2597.png,0
2598.png,0
2599.png,0
2600.png,0
2601.png,0
2602.png,0
2603.png,0
2604.png,0
2605.png,0
2606.png,0
2607.png,0
2608.png,0
2609.png,0
2610.png,0
2611.png,0
2612.png,0
2613.png,0
2614.png,0
2615.png,0
2616.png,0
2617.png,0
2618.png,0
2619.png,0
2620.png,0
2621.png,0
2622.png,0
2623.png,0
2624.png,0
2625.png,0
2626.png,0
2627.png,0
2628.png,0
2629.png,0
2630.png,0
2631.png,0
2632.png,0
2633.png,0
2634.png,0
2635.png,0
2636.png,0
2637.png,0
2638.png,0
2639.png,0
2640.png,0
2641.png,0
2642.png,0
2643.png,0
2644.png,0
2645.png,0
2646.png,0
2647.png,0
2648.png,0
2649.png,0
2650.png,0
2651.png,0
2652.png,0
2653.png,0
2654.png,0
2655.png,0
2656.png,0
2657.png,0
2658.png,0
2659.png,0
2660.png,0
2661.png,0
2662.png,0
2663.png,0
2664.png,0
2665.png,0
2666.png,0
2667.png,0
2668.png,0
2669.png,0
2670.png,0
2671.png,0
2672.png,0
2673.png,0
2674.png,0
2675.png,0
2676.png,0
2677.png,0
2678.png,0
2679.png,0
2680.png,0
2681.png,0
2682.png,0
2683.png,0
2684.png,0
2685.png,0
2686.png,0
2687.png,0
2688.png,0
2689.png,0
2690.png,0
2691.png,0
2692.png,0
2693.png,0
2694.png,0
2695.png,0
2696.png,0
2697.png,0
2698.png,0
2699.png,0
2700.png,0
2701.png,0
2702.png,0
2703.png,0
2704.png,0
2705.png,0
2706.png,0
2707.png,0
2708.png,0
2709.png,0
2710.png,0
2711.png,0
2712.png,0
2713.png,0
2714.png,0
2715.png,0
2716.png,0
2717.png,0
2718.png,0
2719.png,0
2720.png,0
2721.png,0
2722.png,0
2723.png,0
2724.png,0
2725.png,0
2726.png,0
2727.png,0
2728.png,0
2729.png,0
2730.png,0
2731.png,0
2732.png,0
2733.png,0
2734.png,0
2735.png,0
2736.png,0
2737.png,0
2738.png,0
2739.png,0
2740.png,0
2741.png,0
2742.png,0
2743.png,0
2744.png,0
2745.png,0
2746.png,0
2747.png,0
2748.png,0
2749.png,0
2750.png,0
2751.png,0
2752.png,0
2753.png,0
2754.png,0
2755.png,0
2756.png,0
2757.png,0
2758.png,0
2759.png,0
2760.png,0
2761.png,0
2762.png,0
2763.png,0
2764.png,0
2765.png,0
2766.png,0
2767.png,0
2768.png,0
2769.png,0
2770.png,0
2771.png,0
2772.png,0
2773.png,0
2774.png,0
2775.png,0
2776.png,0
2777.png,0
2778.png,0
2779.png,0
2780.png,0
2781.png,0
2782.png,0
2783.png,0
2784.png,0
2785.png,0
2786.png,0
2787.png,0
2788.png,0
2789.png,0
2790.png,0
2791.png,0
2792.png,0
2793.png,0
2794.png,0
2795.png,0
2796.png,0
2797.png,0
2798.png,0
2799.png,0
2800.png,0
2801.png,0
2802.png,0
2803.png,0
2804.png,0
2805.png,0
2806.png,0
2807.png,0
2808.png,0
2809.png,0
2810.png,0
2811.png,0
2812.png,0
2813.png,0
2814.png,0
2815.png,0
2816.png,0
2817.png,0
2818.png,0
2819.png,0
2820.png,0
2821.png,0
2822.png,0
2823.png,0
2824.png,0
2825.png,0
2826.png,0
2827.png,0
2828.png,0
2829.png,0
2830.png,0
2831.png,0
2832.png,0
2833.png,0
2834.png,0
2835.png,0
2836.png,0
2837.png,0
2838.png,0
2839.png,0
2840.png,0
2841.png,0
2842.png,0
2843.png,0
2844.png,0
2845.png,0
2846.png,0
2847.png,0
2848.png,0
2849.png,0
2850.png,0
2851.png,0
2852.png,0
2853.png,0
2854.png,0
2855.png,0
2856.png,0
2857.png,0
2858.png,0
2859.png,0
2860.png,0
2861.png,0
2862.png,0
2863.png,0
2864.png,0
2865.png,0
2866.png,0
2867.png,0
2868.png,0
2869.png,0
2870.png,0
2871.png,0
2872.png,0
2873.png,0
2874.png,0
2875.png,0
2876.png,0
2877.png,0
2878.png,0
2879.png,0
2880.png,0
2881.png,0
2882.png,0
2883.png,0
2884.png,0
2885.png,0
2886.png,0
2887.png,0
2888.png,0
2889.png,0
2890.png,0
2891.png,0
2892.png,0
2893.png,0
2894.png,0
2895.png,0
2896.png,0
2897.png,0
2898.png,0
2899.png,0
2900.png,0
2901.png,0
2902.png,0
2903.png,0
2904.png,0
2905.png,0
2906.png,0
2907.png,0
2908.png,0
2909.png,0
2910.png,0
2911.png,0
2912.png,0
2913.png,0
2914.png,0
2915.png,0
2916.png,0
2917.png,0
2918.png,0
2919.png,0
2920.png,0
2921.png,0
2922.png,0
2923.png,0
2924.png,0
2925.png,0
2926.png,0
2927.png,0
2928.png,0
2929.png,0
2930.png,0
2931.png,0
2932.png,0
2933.png,0
2934.png,0
2935.png,0
2936.png,0
2937.png,0
2938.png,0
2939.png,0
2940.png,0
2941.png,0
2942.png,0
2943.png,0
2944.png,0
2945.png,0
2946.png,0
2947.png,0
2948.png,0
2949.png,0
2950.png,0
2951.png,0
2952.png,0
2953.png,0
2954.png,0
2955.png,0
2956.png,0
2957.png,0
2958.png,0
2959.png,0
2960.png,0
2961.png,0
2962.png,0
2963.png,0
2964.png,0
2965.png,0
2966.png,0
2967.png,0
2968.png,0
2969.png,0
2970.png,0
2971.png,0
2972.png,0
2973.png,0
2974.png,0
2975.png,0
2976.png,0
2977.png,0
2978.png,0
2979.png,0
2980.png,0
2981.png,0
2982.png,0
2983.png,0
2984.png,0
2985.png,0
2986.png,0
2987.png,0
2988.png,0
2989.png,0
2990.png,0
2991.png,0
2992.png,0
2993.png,0
2994.png,0
2995.png,0
2996.png,0
2997.png,0
2998.png,0
2999.png,0
3000.png,0
3001.png,0
3002.png,0
3003.png,0
3004.png,0
3005.png,0
3006.png,0
3007.png,0
3008.png,0
3009.png,0
3010.png,0
3011.png,0
3012.png,0
3013.png,0
3014.png,0
3015.png,0
3016.png,0
3017.png,0
3018.png,0
3019.png,0
3020.png,0
3021.png,0
3022.png,0
3023.png,0
3024.png,0
3025.png,0
3026.png,0
3027.png,0
3028.png,0
3029.png,0
3030.png,0
3031.png,0
3032.png,0
3033.png,0
3034.png,0
3035.png,0
3036.png,0
3037.png,0
3038.png,0
3039.png,0
3040.png,0
3041.png,0
3042.png,0
3043.png,0
3044.png,0
3045.png,0
3046.png,0
3047.png,0
3048.png,0
3049.png,0
3050.png,0
3051.png,0
3052.png,0
3053.png,0
3054.png,0
3055.png,0
3056.png,0
3057.png,0
3058.png,0
3059.png,0
3060.png,0
3061.png,0
3062.png,0
3063.png,0
3064.png,0
3065.png,0
3066.png,0
3067.png,0
3068.png,0
3069.png,0
3070.png,0
3071.png,0
3072.png,0
3073.png,0
3074.png,0
3075.png,0
3076.png,0
3077.png,0
3078.png,0
3079.png,0
3080.png,0
3081.png,0
3082.png,0
3083.png,0
3084.png,0
3085.png,0
3086.png,0
3087.png,0
3088.png,0
3089.png,0
3090.png,0
3091.png,0
3092.png,0
3093.png,0
3094.png,0
3095.png,0
3096.png,0
3097.png,0
3098.png,0
3099.png,0
3100.png,0
3101.png,0
3102.png,0
3103.png,0
3104.png,0
3105.png,0
3106.png,0
3107.png,0
3108.png,0
3109.png,0
3110.png,0
3111.png,0
3112.png,0
3113.png,0
3114.png,0
3115.png,0
3116.png,0
3117.png,0
3118.png,0
3119.png,0
3120.png,0
3121.png,0
3122.png,0
3123.png,0
3124.png,0
3125.png,0
3126.png,0
3127.png,0
3128.png,0
3129.png,0
3130.png,0
3131.png,0
3132.png,0
3133.png,0
3134.png,0
3135.png,0
3136.png,0
3137.png,0
3138.png,0
3139.png,0
3140.png,0
3141.png,0
3142.png,0
3143.png,0
3144.png,0
3145.png,0
3146.png,0
3147.png,0
3148.png,0
3149.png,0
3150.png,0
3151.png,0
3152.png,0
3153.png,0
3154.png,0
3155.png,0
3156.png,0
3157.png,0
3158.png,0
3159.png,0
3160.png,0
3161.png,0
3162.png,0
3163.png,0
3164.png,0
3165.png,0
3166.png,0
3167.png,0
3168.png,0
3169.png,0
3170.png,0
3171.png,0
3172.png,0
3173.png,0
3174.png,0
3175.png,0
3176.png,0
3177.png,0
3178.png,0
3179.png,0
3180.png,0
3181.png,0
3182.png,0
3183.png,0
3184.png,0
3185.png,0
3186.png,0
3187.png,0
3188.png,0
3189.png,0
3190.png,0
3191.png,0
3192.png,0
3193.png,0
3194.png,0
3195.png,0
3196.png,0
3197.png,0
3198.png,0
3199.png,0
3200.png,0
3201.png,0
3202.png,0
3203.png,0
3204.png,0
3205.png,0
3206.png,0
3207.png,0
3208.png,0
3209.png,0
3210.png,0
3211.png,0
3212.png,0
3213.png,0
3214.png,0
3215.png,0
3216.png,0
3217.png,0
3218.png,0
3219.png,0
3220.png,0
3221.png,0
3222.png,0
3223.png,0
3224.png,0
3225.png,0
3226.png,0
3227.png,0
3228.png,0
3229.png,0
3230.png,0
3231.png,0
3232.png,0
3233.png,0
3234.png,0
3235.png,0
3236.png,0
3237.png,0
3238.png,0
3239.png,0
3240.png,0
3241.png,0
3242.png,0
3243.png,0
3244.png,0
3245.png,0
3246.png,0
3247.png,0
3248.png,0
3249.png,0
3250.png,0
3251.png,0
3252.png,0
3253.png,0
3254.png,0
3255.png,0
3256.png,0
3257.png,0
3258.png,0
3259.png,0
3260.png,0
3261.png,0
3262.png,0
3263.png,0
3264.png,0
3265.png,0
3266.png,0
3267.png,0
3268.png,0
3269.png,0
3270.png,0
3271.png,0
3272.png,0
3273.png,0
3274.png,0
3275.png,0
3276.png,0
3277.png,0
3278.png,0
3279.png,0
3280.png,0
3281.png,0
3282.png,0
3283.png,0
3284.png,0
3285.png,0
3286.png,0
3287.png,0
3288.png,0
3289.png,0
3290.png,0
3291.png,0
3292.png,0
3293.png,0
3294.png,0
3295.png,0
3296.png,0
3297.png,0
3298.png,0
3299.png,0
3300.png,0
3301.png,0
3302.png,0
3303.png,0
3304.png,0
3305.png,0
3306.png,0
3307.png,0
3308.png,0
3309.png,0
3310.png,0
3311.png,0
3312.png,0
3313.png,0
3314.png,0
3315.png,0
3316.png,0
3317.png,0
3318.png,0
3319.png,0
3320.png,0
3321.png,0
3322.png,0
3323.png,0
3324.png,0
3325.png,0
3326.png,0
3327.png,0
3328.png,0
3329.png,0
3330.png,0
3331.png,0
3332.png,0
3333.png,0
3334.png,0
3335.png,0
3336.png,0
3337.png,0
3338.png,0
3339.png,0
3340.png,0
3341.png,0
3342.png,0
3343.png,0
3344.png,0
3345.png,0
3346.png,0
3347.png,0
3348.png,0
3349.png,0
3350.png,0
3351.png,0
3352.png,0
3353.png,0
3354.png,0
3355.png,0
3356.png,0
3357.png,0
3358.png,0
3359.png,0
3360.png,0
3361.png,0
3362.png,0
3363.png,0
3364.png,0
3365.png,0
3366.png,0
3367.png,0
3368.png,0
3369.png,0
3370.png,0
3371.png,0
3372.png,0
3373.png,0
3374.png,0
3375.png,0
3376.png,0
3377.png,0
3378.png,0
3379.png,0
3380.png,0
3381.png,0
3382.png,0
3383.png,0
3384.png,0
3385.png,0
3386.png,0
3387.png,0
3388.png,0
3389.png,0
3390.png,0
3391.png,0
3392.png,0
3393.png,0
3394.png,0
3395.png,0
3396.png,0
3397.png,0
3398.png,0
3399.png,0
3400.png,0
3401.png,0
3402.png,0
3403.png,0
3404.png,0
3405.png,0
3406.png,0
3407.png,0
3408.png,0
3409.png,0
3410.png,0
3411.png,0
3412.png,0
3413.png,0
3414.png,0
3415.png,0
3416.png,0
3417.png,0
3418.png,0
3419.png,0
3420.png,0
3421.png,0
3422.png,0
3423.png,0
3424.png,0
3425.png,0
3426.png,0
3427.png,0
3428.png,0
3429.png,0
3430.png,0
3431.png,0
3432.png,0
3433.png,0
3434.png,0
3435.png,0
3436.png,0
3437.png,0
3438.png,0
3439.png,0
3440.png,0
3441.png,0
3442.png,0
3443.png,0
3444.png,0
3445.png,0
3446.png,0
3447.png,0
3448.png,0
3449.png,0
3450.png,0
3451.png,0
3452.png,0
3453.png,0
3454.png,0
3455.png,0
3456.png,0
3457.png,0
3458.png,0
3459.png,0
3460.png,0
3461.png,0
3462.png,0
